Workbook

Sheet Cost File
B1: $/lb (2023) | C1: $/lb (2025) | D1: $/lb (2026) | E1: $/lb (2026) V1 | F1: Facad Adder | G1: Plt
A2: CS CARBOGRIND NANO 370-018 25KG (55LB) | B2: =15.6/2.205 -> 7.0748299 | C2: 6.17 | D2: =12.5/2.205 -> 5.6689342 | E2: =12.5/2.205 -> 5.6689342 | G2: Buy/Resale | I2: Xieta | J2: recent from Albert
A3: CS CARBOGRIND XT 360-100 25KG (55LB) | B3: 2.04 | C3: 2.04 | D3: =3.85/2.205 -> 1.7460317 | E3: =3.85/2.205 -> 1.7460317 | G3: Buy/Resale | I3: Xieta
A4: CS CARBOGRIND XT 360-300 BB-2205 | B4: 0.76 | C4: 1.03 | D4: =1.62/2.205 -> 0.73469388 | E4: =1.62/2.205 -> 0.73469388 | G4: Buy/Resale | I4: Xieta
A5: CS CARBOGRIND XT 360-400 25KG (55LB) | B5: 0.76 | C5: 1.27 | D5: =1.57/2.205 -> 0.71201814 | E5: =1.57/2.205 -> 0.71201814 | G5: Buy/Resale | I5: Xieta
A6: CS CARBOGRIND ZIRPLUS 340-030 BB-2205 | B6: =1750/2205 -> 0.79365079 | C6: 1.25 | D6: =1750/2205 -> 0.79365079 | E6: =1750/2205 -> 0.79365079 | G6: Buy/Resale | I6: Dakot
A7: FUSION ACTIVATOR C - 9.476 LB/GAL | B7: 8.12 | D7: 8.12 | E7: 8.12 | G7: Buy/Resale | I7: Riteks
A8: EP30/50 (LD30) | D8: =0.2189 -> 0.2189 | E8: 0.233 | F8: =E8+'Operations Adder'!$I$5 -> 0.25997576 | G8: EUF
A9: ACCUCAST LB BULK BAG | B9: 0.23 | C9: =0.19+0.03 -> 0.22 | D9: =0.2282+0.02 -> 0.2482 | E9: =0.2407+0.02 -> 0.2607 | F9: =E9+'Operations Adder'!$I$5 -> 0.28767576 | G9: EUF
A10: ACCUCAST LD 10 BULK BAG | B10: 0.23 | C10: =0.19+0.03 -> 0.22 | D10: =0.2282+0.03 -> 0.2582 | E10: =0.2407+0.02 -> 0.2607 | F10: =E10+'Operations Adder'!$I$5 -> 0.28767576 | G10: EUF
A11: ACCUCAST LD 40 BULK BAG | B11: 0.16 | C11: =0.16+0.03 -> 0.19 | D11: =0.2224+0.02 -> 0.2424 | E11: =0.2795+0.02 -> 0.2995 | F11: =E11+'Operations Adder'!$I$5 -> 0.32647576 | G11: EUF
A12: ACCUCAST LD 45 50LB BAG | B12: 0.16 | C12: =0.16+0.03 -> 0.19 | D12: =0.2224+0.05 -> 0.2724 | E12: =0.2795+0.05 -> 0.3295 | F12: =E12+'Operations Adder'!$I$5 -> 0.35647576 | G12: EUF
A13: CARBOBEAD SCOUR 12/18 BULK BAG | B13: 0.28 | C13: =0.19+0.03 -> 0.22 | D13: =0.233+0.02 -> 0.253 | E13: =0.2842+0.02 -> 0.3042 | F13: =E13+'Operations Adder'!$I$5 -> 0.33117576 | G13: EUF
A14: CARBOBEAD SCOUR 16/20 BULK BAG | B14: 0.23 | C14: =0.19+0.03 -> 0.22 | D14: =0.2282+0.02 -> 0.2482 | E14: =0.2407+0.02 -> 0.2607 | F14: =E14+'Operations Adder'!$I$5 -> 0.28767576 | G14: EUF
A15: CARBOBEAD-LT 12/18 BULK BAG | B15: 0.28 | C15: =0.19+0.03 -> 0.22 | D15: =0.233+0.02 -> 0.253 | E15: =0.2842+0.02 -> 0.3042 | F15: =E15+'Operations Adder'!$I$5 -> 0.33117576 | G15: EUF
A16: CARBOBEAD-LT 16/20 50LB BAG | B16: 0.23 | C16: =0.19+0.03 -> 0.22 | D16: =0.2282+0.05 -> 0.2782 | E16: =0.2407+0.05 -> 0.2907 | F16: =E16+'Operations Adder'!$I$5 -> 0.31767576 | G16: EUF
A17: CARBOBEAD-LT 16/20 BULK BAG | B17: 0.23 | C17: =0.19+0.03 -> 0.22 | D17: =0.2282+0.02 -> 0.2482 | E17: =0.2407+0.02 -> 0.2607 | F17: =E17+'Operations Adder'!$I$5 -> 0.28767576 | G17: EUF
A18: CARBOBEAD-LT 20/40 BULK BAG | B18: 0.23 | C18: =0.19+0.03 -> 0.22 | D18: =0.2224+0.02 -> 0.2424 | E18: =0.2432+0.02 -> 0.2632 | F18: =E18+'Operations Adder'!$I$5 -> 0.29017576 | G18: EUF
A19: CARBOGRIND 260-006 25KG BAG (55LB) | B19: 0.23 | C19: =0.19+0.03 -> 0.22 | D19: =0.2224+0.05 -> 0.2724 | E19: =0.2432+0.05 -> 0.2932 | F19: =E19+'Operations Adder'!$I$5 -> 0.32017576 | G19: EUF
A20: CARBOGRIND 260-008 25KG BAG (55LB) | B20: 0.23 | C20: =0.19+0.03 -> 0.22 | D20: =0.2224+0.05 -> 0.2724 | E20: =0.2432+0.05 -> 0.2932 | F20: =E20+'Operations Adder'!$I$5 -> 0.32017576 | G20: EUF
A21: CARBOGRIND 260-008 BULK BAG | B21: 0.23 | C21: =0.19+0.03 -> 0.22 | D21: =0.2224+0.02 -> 0.2424 | E21: =0.2423+0.02 -> 0.2623 | F21: =E21+'Operations Adder'!$I$5 -> 0.28927576 | G21: EUF
A22: CARBOGRIND 260-010 25KG BAG (55LB) | B22: 0.23 | C22: =0.19+0.03 -> 0.22 | D22: =0.2282+0.05 -> 0.2782 | E22: =0.2007+0.05 -> 0.2507 | F22: =E22+'Operations Adder'!$I$5 -> 0.27767576 | G22: EUF
A23: CARBOGRIND 260-010 BULK BAG | B23: 0.23 | C23: =0.19+0.03 -> 0.22 | D23: =0.2282+0.02 -> 0.2482 | E23: =0.2077+0.02 -> 0.2277 | F23: =E23+'Operations Adder'!$I$5 -> 0.25467576 | G23: EUF
A24: CARBOGRIND 260-015 25KG BAG (55LB) | B24: 0.28 | C24: =0.19+0.03 -> 0.22 | D24: =0.233+0.05 -> 0.283 | E24: =0.2842+0.05 -> 0.3342 | F24: =E24+'Operations Adder'!$I$5 -> 0.36117576 | G24: EUF
A25: CARBOGRIND 260-015 BULK BAG | B25: 0.28 | C25: =0.19+0.03 -> 0.22 | D25: =0.233+0.02 -> 0.253 | E25: =0.2842+0.02 -> 0.3042 | F25: =E25+'Operations Adder'!$I$5 -> 0.33117576 | G25: EUF
A26: CARBOGRIND 260-020 25KG BAG (55LB) | B26: 0.3 | C26: =0.19+0.03 -> 0.22 | D26: =0.233+0.05 -> 0.283 | E26: =0.2432+0.05 -> 0.2932 | F26: =E26+'Operations Adder'!$I$5 -> 0.32017576 | G26: EUF
A27: CARBOGRIND 260-020 3.5 GALLON (40lb) | B27: 0.3 | C27: =0.19+0.03 -> 0.22 | D27: =0.233+0.05 -> 0.283 | E27: =0.2432+0.05 -> 0.2932 | F27: =E27+'Operations Adder'!$I$5 -> 0.32017576 | G27: EUF
A28: CARBOGRIND 260-020 BULK BAG | B28: 0.3 | C28: =0.19+0.03 -> 0.22 | D28: =0.233+0.02 -> 0.253 | E28: =0.2432+0.02 -> 0.2632 | F28: =E28+'Operations Adder'!$I$5 -> 0.29017576 | G28: EUF
A29: CARBOGRIND 260-030 25KG BAG (55LB) | B29: 0.3 | C29: =0.19+0.03 -> 0.22 | D29: =0.2445+0.05 -> 0.2945 | E29: =0.2432+0.05 -> 0.2932 | F29: =E29+'Operations Adder'!$I$5 -> 0.32017576 | G29: EUF
A30: CARBOGRIND 260-030 BULK BAG | B30: 0.3 | C30: =0.19+0.03 -> 0.22 | D30: =0.2445+0.02 -> 0.2645 | E30: =0.2432+0.02 -> 0.2632 | F30: =E30+'Operations Adder'!$I$5 -> 0.29017576 | G30: EUF
A31: CARBOGRIND 280-030 BULK BAG | B31: 0.54 | C31: =0.4225+0.03 -> 0.4525 | D31: =0.4681+0.05 -> 0.5181 | E31: =0.4556+0.02 -> 0.4756 | F31: =E31+'Operations Adder'!$I$5 -> 0.50257576 | G31: EUF
A32: CARBO LITE 12/18 | B32: 0.28 | C32: =0.19 -> 0.19 | D32: =0.233 -> 0.233 | E32: 0.2842 | F32: =E32+'Operations Adder'!$I$5 -> 0.31117576 | G32: EUF
A33: CARBO LITE 12/18 Bulk Bag | B33: 0.28 | C33: =0.19+0.03 -> 0.22 | D33: =0.233+0.05 -> 0.283 | E33: =0.2842+0.02 -> 0.3042 | F33: =E33+'Operations Adder'!$I$5 -> 0.33117576 | G33: EUF
A34: CARBONRT CL 16/30-FP | B34: 0.4 | C34: 0.4 | D34: =0.6162 -> 0.6162 | E34: =0.5372 -> 0.5372 | F34: =E34+'Operations Adder'!$I$5 -> 0.56417576 | G34: EUF
A35: CARBONRT CL 20/40 | B35: 0.45 | C35: 0.45 | D35: =0.5104 -> 0.5104 | E35: =0.5372 -> 0.5372 | F35: =E35+'Operations Adder'!$I$5 -> 0.56417576 | G35: EUF
A36: CARBONRT CP 30/50 Bulk Bag | B36: 0.45 | C36: 0.45 | D36: =0.5104 -> 0.5104 | E36: =0.5372+0.04+0.02 -> 0.5972 | F36: =E36+'Operations Adder'!$I$6 -> 0.62339979 | G36: MCI
A37: CARBONRT KRYPTOSPHERE LD 35 BULK BAG | B37: 0.65 | C37: 0.65 | D37: =0.7147+0.02 -> 0.7347 | E37: =0.7585+0.02 -> 0.7785 | F37: =E37+'Operations Adder'!$I$5 -> 0.80547576 | G37: EUF
A38: KRYPTOSPHERE HD (B) 25 | B38: 0.95 | C38: 1.08 | D38: =0.9406 -> 0.9406 | E38: =0.9341 -> 0.9341 | F38: =E38+'Operations Adder'!$I$5 -> 0.96107576 | G38: EUF
A39: KRYPTOSPHERE LD 25 BULK BAG | B39: 0.55 | C39: =0.46+0.03 -> 0.49 | D39: =0.4447+0.02 -> 0.4647 | E39: =0.4236+0.02 -> 0.4436 | F39: =E39+'Operations Adder'!$I$5 -> 0.47057576 | G39: EUF
A40: KRYPTOSPHERE XT 25 | B40: 0.57 | C40: =0.5 -> 0.5 | D40: =0.4447+0.005 -> 0.4497 | E40: =0.4236+0.005 -> 0.4286 | F40: =E40+'Operations Adder'!$I$5 -> 0.45557576 | G40: EUF
A41: ACCUCAST HT 50 BULK BAG | B41: 0.39 | C41: =0.34+0.03 -> 0.37 | D41: =0.3506+0.05 -> 0.4006 | E41: =0.3284+0.02 -> 0.3484 | F41: =E41+'Operations Adder'!$I$6 -> 0.37459979 | G41: MCI
A42: ACCUCAST HT 70 50LB BAG | B42: 0.39 | C42: =0.34+0.03 -> 0.37 | D42: =0.4881+0.05 -> 0.5381 | E42: =0.4937+0.05 -> 0.5437 | F42: =E42+'Operations Adder'!$I$6 -> 0.56989979 | G42: MCI
A43: ACCUCAST HT 70 BULK BAG | B43: 0.39 | C43: =0.34+0.03 -> 0.37 | D43: =0.4881+0.03 -> 0.5181 | E43: =0.4937+0.02 -> 0.5137 | F43: =E43+'Operations Adder'!$I$6 -> 0.53989979 | G43: MCI
A44: ACCUCAST HT 80 | B44: 0.39 | C44: 0.34 | D44: 0.494 | E44: =0.4309 -> 0.4309 | F44: =E44+'Operations Adder'!$I$6 -> 0.45709979 | G44: MCI
A45: ACCUCAST HT 80 BULK BAG | B45: 0.39 | C45: =0.34+0.03 -> 0.37 | D45: =0.494+0.03 -> 0.524 | E45: =0.4309+0.02 -> 0.4509 | F45: =E45+'Operations Adder'!$I$6 -> 0.47709979 | G45: MCI
A46: ACCUCAST ID 40 | B46: 0.33 | C46: 0.2984 | D46: 0.335 | E46: =0.3253 -> 0.3253 | F46: =E46+'Operations Adder'!$I$6 -> 0.35149979 | G46: MCI
A47: ACCUCAST ID 50 | B47: 0.33 | C47: 0.2984 | D47: 0.3026 | E47: =0.3181 -> 0.3181 | F47: =E47+'Operations Adder'!$I$6 -> 0.34429979 | G47: MCI
A48: ACCUCAST ID 50 Bulk Bag | B48: 0.33 | C48: =0.2984+0.03 -> 0.3284 | D48: =0.3026+0.02 -> 0.3226 | E48: =0.3181+0.02 -> 0.3381 | F48: =E48+'Operations Adder'!$I$6 -> 0.36429979 | G48: MCI
A49: ACCUCAST ID 70 Bulk Bag | B49: 0.33 | C49: =0.2984+0.03 -> 0.3284 | D49: =0.4043+0.02 -> 0.4243 | E49: =0.381+0.02 -> 0.401 | F49: =E49+'Operations Adder'!$I$6 -> 0.42719979 | G49: MCI
A50: ACCUCAST ID 60 Bulk Bag | D50: =0.4411+0.02 -> 0.4611 | E50: =0.5216+0.02 -> 0.5416 | F50: =E50+'Operations Adder'!$I$6 -> 0.56779979 | G50: MCI
A51: ACCUCAST ID 80 | B51: 0.33 | C51: =0.2984 -> 0.2984 | D51: =0.5253 -> 0.5253 | E51: =0.4266 -> 0.4266 | F51: =E51+'Operations Adder'!$I$6 -> 0.45279979 | G51: MCI
A52: ACCUCAST ID 80 Bulk Bag | B52: 0.33 | C52: =0.2984+0.03 -> 0.3284 | D52: =0.5253+0.02 -> 0.5453 | E52: =0.4266+0.02 -> 0.4466 | F52: =E52+'Operations Adder'!$I$6 -> 0.47279979 | G52: MCI
A53: CARBOBEAD HTM HD350 BUK BAG | B53: 0.34 | C53: =0.31+0.03 -> 0.34 | D53: =0.4393+0.02 -> 0.4593 | E53: =0.4483+0.02 -> 0.4683 | F53: =E53+'Operations Adder'!$I$6 -> 0.49449979 | G53: MCI
A54: CARBOBEAD HTM ID700 50LB BAG | B54: 0.3 | C54: =0.2984+0.03 -> 0.3284 | D54: =0.4393+0.02 -> 0.4593 | E54: =0.4483+0.02 -> 0.4683 | F54: =E54+'Operations Adder'!$I$6 -> 0.49449979 | G54: MCI
A55: CARBOBEAD-CP 12/18 BULK BAG | B55: 0.3 | C55: =0.26+0.03 -> 0.29 | D55: =0.4073+0.03 -> 0.4373 | E55: =0.3969+0.02 -> 0.4169 | F55: =E55+'Operations Adder'!$I$6 -> 0.44309979 | G55: MCI
A56: CARBOBEAD-CP 20/40 50LB BAG | B56: 0.3 | C56: =0.26+0.03 -> 0.29 | D56: =0.3653+0.05 -> 0.4153 | E56: =0.2933+0.05 -> 0.3433 | F56: =E56+'Operations Adder'!$I$6 -> 0.36949979 | G56: MCI
A57: CARBOBEAD-CP 20/40 BULK BAG | B57: 0.3 | C57: =0.26+0.03 -> 0.29 | D57: =0.3653+0.02 -> 0.3853 | E57: =0.2933+0.02 -> 0.3133 | F57: =E57+'Operations Adder'!$I$6 -> 0.33949979 | G57: MCI
A58: CARBOBEAD-CP 30/60 BULK BAG | B58: 0.3 | C58: =0.26+0.03 -> 0.29 | D58: =0.3653+0.02 -> 0.3853 | E58: =0.2933+0.02 -> 0.3133 | F58: =E58+'Operations Adder'!$I$6 -> 0.33949979 | G58: MCI
A59: CARBOBEAD-HSP 16/30 BULK BAG | B59: 0.34 | C59: =0.31+0.03 -> 0.34 | D59: =0.4945+0.02 -> 0.5145 | E59: =0.4945+0.02 -> 0.5145 | F59: =E59+'Operations Adder'!$I$6 -> 0.54069979 | G59: MCI
A60: CARBOBEAD-HSP 40/70 BUK BAG | B60: 0.34 | C60: =0.31+0.03 -> 0.34 | D60: =0.4393+0.02 -> 0.4593 | E60: =0.4483+0.02 -> 0.4683 | F60: =E60+'Operations Adder'!$I$6 -> 0.49449979 | G60: MCI
A61: CARBO HSP 40/70 BULK BAG | B61: 0.34 | C61: =0.31+0.03 -> 0.34 | D61: =0.4393+0.02 -> 0.4593 | E61: =0.4483+0.02 -> 0.4683 | F61: =E61+'Operations Adder'!$I$6 -> 0.49449979 | G61: MCI
A62: CARBO PROP 20/40 50 lb Bag | B62: 0.3 | C62: =0.26+0.03 -> 0.29 | D62: =0.3653+0.02 -> 0.3853 | E62: =0.2933+0.05 -> 0.3433 | F62: =E62+'Operations Adder'!$I$6 -> 0.36949979 | G62: MCI
A63: CARBO PROP 30/60 | B63: 0.3 | C63: =0.26 -> 0.26 | D63: =0.3653 -> 0.3653 | E63: =0.2933 -> 0.2933 | F63: =E63+'Operations Adder'!$I$6 -> 0.31949979 | G63: MCI
A64: NANOMITE E 325 | B64: 0.23 | C64: 0.2984 | D64: 0.3289 | E64: 0.3289 | F64: =E64+'Operations Adder'!$I$6 -> 0.35509979 | G64: MCI
A65: NANOMITE E 325 BULK BAG | B65: 0.23 | C65: =0.2984+0.03 -> 0.3284 | D65: =0.3289+0.02 -> 0.3489 | E65: =0.3289+0.02 -> 0.3489 | F65: =E65+'Operations Adder'!$I$6 -> 0.37509979 | G65: MCI
A66: X - ACCUCAST ID 50 BULK BAG | B66: 0.3 | C66: 0.2984 | G66: MCI
A67: X - HSP40/70 BULK BAG | B67: 0.34 | C67: =0.34+0.03 -> 0.37 | G67: MCI
A68: CARBO SCALEGUARD II 16/20 BB-2600LB | B68: 0.8 | C68: =0.85+0.03 -> 0.88 | D68: =0.8205+0.02 -> 0.8405 | E68: =0.9061+0.02 -> 0.9261 | F68: =E68+'Operations Adder'!$I$4 -> 0.95200307 | G68: NIL
A69: CARBO SCALEGUARD II 30/50 BB-2600LB | B69: 0.75 | C69: =0.85+0.03 -> 0.88 | D69: =0.8205+0.02 -> 0.8405 | E69: =0.9061+0.02 -> 0.9261 | F69: =E69+'Operations Adder'!$I$4 -> 0.95200307 | G69: NIL
A70: CARBO SCALEGUARD II 40/70 BB-2600LB | B70: 0.75 | C70: =0.85+0.03 -> 0.88 | D70: =0.8205+0.02 -> 0.8405 | E70: =0.9061+0.02 -> 0.9261 | F70: =E70+'Operations Adder'!$I$4 -> 0.95200307 | G70: NIL
A71: CARBO SCALEGUARD IV 16/20 | B71: 0.8 | C71: =0.85+0.03 -> 0.88 | D71: =0.8205+0.02 -> 0.8405 | E71: =0.9061+0.02 -> 0.9261 | F71: =E71+'Operations Adder'!$I$4 -> 0.95200307 | G71: NIL
A72: CARBOBOND LITE 20/40 | B72: 0.33 | C72: 0.45 | D72: =0.3724 -> 0.3724 | E72: =0.4442 -> 0.4442 | F72: =E72+'Operations Adder'!$I$4 -> 0.47010307 | G72: NIL
A73: CARBOBOND LITE 20/40 Bulk Bag | B73: 0.33 | C73: =0.45+0.03 -> 0.48 | D73: =0.3724+0.02 -> 0.3924 | E73: =0.4442+0.02 -> 0.4642 | F73: =E73+'Operations Adder'!$I$4 -> 0.49010307 | G73: NIL
A74: CARBOBOND ULTRALITE 20/40 BB-2000lb | B74: 0.33 | C74: =0.45+0.03 -> 0.48 | D74: =0.3724+0.02 -> 0.3924 | E74: =0.4442+0.02 -> 0.4642 | F74: =E74+'Operations Adder'!$I$4 -> 0.49010307 | G74: NIL
A75: FUSION LITE 16/20 BULK BAG | B75: 0.33 | C75: =0.57+0.03 -> 0.6 | D75: =0.4272+0.02 -> 0.4472 | E75: =0.4905+0.02 -> 0.5105 | F75: =E75+'Operations Adder'!$I$4 -> 0.53640307 | G75: NIL
A76: RC ACCUCAST HT80 | D76: 0.915 | E76: =1.0108 -> 1.0108 | F76: =E76+'Operations Adder'!$I$4 -> 1.0367031 | G76: NIL
A77: Fusion HSP | D77: 0.5388 | E77: 0.6815 | F77: =E77+'Operations Adder'!$I$4 -> 0.70740307 | G77: NIL
A78: CARBOBOND CP | D78: 0.5214 | E78: =0.6788 -> 0.6788 | F78: =E78+'Operations Adder'!$I$4 -> 0.70470307 | G78: NIL
A79: NP LWC | D79: 0.5713 | E79: =0.6652 -> 0.6652 | F79: =E79+'Operations Adder'!$I$4 -> 0.69110307 | G79: NIL
A80: CARBOBEAD-LT 40/60 BULK BAG | B80: 0.16 | C80: =0.16+0.03 -> 0.19 | D80: =0.2227+0.02 -> 0.2427 | E80: =0.1861/0.9+0.02 -> 0.22677778 | F80: =E80+'Operations Adder'!$I$7 -> 0.25319598 | G80: TMB
A81: CARBOBEAD-LT 60/80 50LB BAG | B81: 0.16 | C81: =0.16+0.03 -> 0.19 | D81: =0.2227+0.05 -> 0.2727 | E81: =0.1861+0.02 -> 0.2061 | F81: =E81+'Operations Adder'!$I$7 -> 0.2325182 | G81: TMB
A82: CARBO LITE 16/20 | B82: 0.16 | C82: 0.2018 | D82: =0.2019 -> 0.2019 | E82: 0.1971 | F82: =E82+'Operations Adder'!$I$7 -> 0.2235182 | G82: TMB
A83: CARBO LITE 16/20 Bulk Bag | B83: 0.16 | C83: =0.2018+0.03 -> 0.2318 | D83: =0.2019+0.02 -> 0.2219 | E83: =0.1971+0.02 -> 0.2171 | F83: =E83+'Operations Adder'!$I$7 -> 0.2435182 | G83: TMB
A84: CARBO LITE 20/40 | B84: 0.16 | C84: 0.1724 | D84: =0.1834+0.02 -> 0.2034 | E84: =0.1861 -> 0.1861 | F84: =E84+'Operations Adder'!$I$7 -> 0.2125182 | G84: TMB
A85: CARBO LITE 20/40 50 lb Bag | B85: 0.16 | C85: =0.1724+0.03 -> 0.2024 | D85: =0.1834+0.05 -> 0.2334 | E85: =0.1861+0.05 -> 0.2361 | F85: =E85+'Operations Adder'!$I$7 -> 0.2625182 | G85: TMB
A86: CARBO LITE 20/40 Bulk Bag | B86: 0.16 | C86: =0.1724*0.03 -> 0.005172 | D86: =0.1834+0.02 -> 0.2034 | E86: =0.1861+0.02 -> 0.2061 | F86: =E86+'Operations Adder'!$I$7 -> 0.2325182 | G86: TMB
A87: CARBO LITE 30/50 | B87: 0.16 | C87: =0.16 -> 0.16 | D87: =0.1834 -> 0.1834 | E87: 0.1861 | F87: =E87+'Operations Adder'!$I$7 -> 0.2125182 | G87: TMB
A88: CARBO LITE 30/50 50 LB BAG | B88: 0.16 | C88: =0.16+0.03 -> 0.19 | D88: =0.1834+0.02 -> 0.2034 | E88: =0.1861+0.05 -> 0.2361 | F88: =E88+'Operations Adder'!$I$7 -> 0.2625182 | G88: TMB
A89: CARBO LITE 30/50 Bulk Bag | B89: 0.16 | C89: =0.16+0.03 -> 0.19 | D89: =0.1834+0.05 -> 0.2334 | E89: =0.1861+0.02 -> 0.2061 | F89: =E89+'Operations Adder'!$I$7 -> 0.2325182 | G89: TMB
A90: CARBO LITE 40/70 Bulk Bag | B90: 0.16 | C90: =0.16+0.03 -> 0.19 | D90: =0.1865+0.02 -> 0.2065 | E90: =0.1861+0.02 -> 0.2061 | F90: =E90+'Operations Adder'!$I$7 -> 0.2325182 | G90: TMB
A91: ECONO PROP 30/50 | B91: 0.16 | C91: =0.16 -> 0.16 | D91: =0.1865 -> 0.1865 | E91: =0.1861 -> 0.1861 | F91: =E91+'Operations Adder'!$I$7 -> 0.2125182 | G91: TMB
A92: ECONO PROP 30/50 Bulk Bag | B92: 0.16 | C92: =0.16+0.03 -> 0.19 | D92: =0.1865+0.02 -> 0.2065 | E92: =0.1861+0.02 -> 0.2061 | F92: =E92+'Operations Adder'!$I$7 -> 0.2325182 | G92: TMB
A93: X - HYDROPROP 40/80 BULK BAG | B93: 0.16 | C93: =0.16 -> 0.16 | G93: TMB
A94: ISP40/70 | D94: 0.1865 | E94: 0.175 | F94: =E94+'Operations Adder'!$I$7 -> 0.2014182 | G94: TMB
A95: OptiCast | D95: =0.3506+0.2239 -> 0.5745 | E95: =0.3506+0.2239 -> 0.5745 | F95: =E95+'Operations Adder'!$I$7 -> 0.6009182 | G95: MCI

Sheet Operations Adder
E3: Volume | F3: Facad | G3: Facad General | H3: Distribution | I3: Total
C4: NIL | D4: 572475 | E4: 13700000 | F4: =$D4/$E$14 -> 0.0018185933 | G4: {=SUM($D$8:$D$12/$E$14)} -> 0.004803793 | H4: =$D$13/$E$15 -> 0.019280681 | I4: =SUM(F4:H4) -> 0.025903067
C5: EUF | D5: 910149 | E5: 43750000 | F5: =$D5/$E$14 -> 0.0028912894 | G5: {=SUM($D$8:$D$12/$E$14)} -> 0.004803793 | H5: =$D$13/$E$15 -> 0.019280681 | I5: =SUM(F5:H5) -> 0.026975763
C6: MCI | D6: 665881 | E6: 56200000 | F6: =$D6/$E$14 -> 0.0021153181 | G6: {=SUM($D$8:$D$12/$E$14)} -> 0.004803793 | H6: =$D$13/$E$15 -> 0.019280681 | I6: =SUM(F6:H6) -> 0.026199792
C7: TMB | D7: 734633 | E7: 201140000 | F7: =$D7/$E$14 -> 0.0023337241 | G7: {=SUM($D$8:$D$12/$E$14)} -> 0.004803793 | H7: =$D$13/$E$15 -> 0.019280681 | I7: =SUM(F7:H7) -> 0.026418198
C8: NI Plant 1 | D8: 14184
C9: QC (Global) | D9: 151129
C10: EHS (Global) | D10: 455159
C11: VP Ops | D11: 259133
C12: L&M | D12: 632581
C13: Distribution | D13: 5653825
D14: Total Prod Volume: | E14: 314790000 | G14: 7166011
D15: Total Sales Volume | E15: 293237829 | G15: 2883138
F16: Sum | G16: 10049149
